ncodpers,fecha_dato,product,propensity
16986,2016-04-28,ind_ctpp_fin_ult1,0.9525655128623467
16986,2016-04-28,ind_ctop_fin_ult1,0.9074691745126067
16986,2016-04-28,ind_tjcr_fin_ult1,0.8982588260154258
18490,2016-04-28,ind_ctpp_fin_ult1,0.9946150063219024
18490,2016-04-28,ind_cno_fin_ult1,0.9908501981240396
18490,2016-04-28,ind_tjcr_fin_ult1,0.9865797962103323
21412,2016-04-28,ind_ctop_fin_ult1,0.9310946275648248
21412,2016-04-28,ind_ctpp_fin_ult1,0.4057297155086391
21412,2016-04-28,ind_dela_fin_ult1,0.31561876321642535
36204,2016-04-28,ind_ctop_fin_ult1,0.9532801293514835
36204,2016-04-28,ind_ctpp_fin_ult1,0.7792561173682396
36204,2016-04-28,ind_plan_fin_ult1,0.765792456606158
44191,2016-04-28,ind_ctop_fin_ult1,0.8881226330512695
44191,2016-04-28,ind_ctpp_fin_ult1,0.3345193358269074
44191,2016-04-28,ind_dela_fin_ult1,0.315904000484004
50397,2016-04-28,ind_dela_fin_ult1,0.6426401185702559
50397,2016-04-28,ind_tjcr_fin_ult1,0.5851252726158329
50397,2016-04-28,ind_recibo_ult1,0.48005660020477964
55115,2016-04-28,ind_ctop_fin_ult1,0.8749210661343036
55115,2016-04-28,ind_ctpp_fin_ult1,0.371799885752841
55115,2016-04-28,ind_dela_fin_ult1,0.22761905720663475
70849,2016-04-28,ind_ctop_fin_ult1,0.812958951509691
70849,2016-04-28,ind_ctpp_fin_ult1,0.32562140882759466
70849,2016-04-28,ind_dela_fin_ult1,0.1291058241467713
75098,2016-04-28,ind_ctop_fin_ult1,0.575694951063487
75098,2016-04-28,ind_dela_fin_ult1,0.4497481016906618
75098,2016-04-28,ind_plan_fin_ult1,0.3571744375832628
76656,2016-04-28,ind_ctop_fin_ult1,0.9151218398356409
76656,2016-04-28,ind_ctpp_fin_ult1,0.25473938451929623
76656,2016-04-28,ind_dela_fin_ult1,0.1310896631520045
78915,2016-04-28,ind_ctop_fin_ult1,0.9753432254392126
78915,2016-04-28,ind_ctpp_fin_ult1,0.6898992651889768
78915,2016-04-28,ind_tjcr_fin_ult1,0.6473569359188917
80253,2016-04-28,ind_ctop_fin_ult1,0.9881154262728071
80253,2016-04-28,ind_nom_pens_ult1,0.9843809745580202
80253,2016-04-28,ind_nomina_ult1,0.9760790351487152
82345,2016-04-28,ind_ctpp_fin_ult1,0.8718899217264036
82345,2016-04-28,ind_ctop_fin_ult1,0.8711755237997238
82345,2016-04-28,ind_tjcr_fin_ult1,0.6519464493769213
94475,2016-04-28,ind_ctop_fin_ult1,0.8962829787827447
94475,2016-04-28,ind_ctpp_fin_ult1,0.23745586604991895
94475,2016-04-28,ind_dela_fin_ult1,0.17613617108828114
100181,2016-04-28,ind_ctop_fin_ult1,0.9626466209295367
100181,2016-04-28,ind_dela_fin_ult1,0.6432569360127496
100181,2016-04-28,ind_valo_fin_ult1,0.6176121524480422
115692,2016-04-28,ind_dela_fin_ult1,0.5907583372023001
115692,2016-04-28,ind_tjcr_fin_ult1,0.5491418915091182
115692,2016-04-28,ind_recibo_ult1,0.5106005804708266
115806,2016-04-28,ind_tjcr_fin_ult1,0.989546863277097
115806,2016-04-28,ind_valo_fin_ult1,0.9631272495686841
115806,2016-04-28,ind_plan_fin_ult1,0.9230879836339366
118419,2016-04-28,ind_ecue_fin_ult1,0.9259166108591483
118419,2016-04-28,ind_tjcr_fin_ult1,0.8910354666475869
118419,2016-04-28,ind_ctop_fin_ult1,0.7466506163502391
118886,2016-04-28,ind_dela_fin_ult1,0.6668266293636831
118886,2016-04-28,ind_fond_fin_ult1,0.36210954172578724
118886,2016-04-28,ind_plan_fin_ult1,0.20811163012090111
121978,2016-04-28,ind_nom_pens_ult1,0.9892935047028886
121978,2016-04-28,ind_nomina_ult1,0.982657518159728
121978,2016-04-28,ind_plan_fin_ult1,0.9342861862418793
122738,2016-04-28,ind_ctop_fin_ult1,0.8112297870669368
122738,2016-04-28,ind_ctpp_fin_ult1,0.3930435291563187
122738,2016-04-28,ind_plan_fin_ult1,0.15242740134347693
124601,2016-04-28,ind_tjcr_fin_ult1,0.7941416308064632
124601,2016-04-28,ind_ctpp_fin_ult1,0.7698177218266018
124601,2016-04-28,ind_cno_fin_ult1,0.6459860700009435
135965,2016-04-28,ind_ctop_fin_ult1,0.9745544118740612
135965,2016-04-28,ind_ctpp_fin_ult1,0.8810259108640542
135965,2016-04-28,ind_tjcr_fin_ult1,0.8450009690068411
143979,2016-04-28,ind_plan_fin_ult1,0.9885953752380556
143979,2016-04-28,ind_nom_pens_ult1,0.9844143805735432
143979,2016-04-28,ind_ctop_fin_ult1,0.9777604461186883
159137,2016-04-28,ind_ctpp_fin_ult1,0.9911555570318885
159137,2016-04-28,ind_ctop_fin_ult1,0.9677627026979776
159137,2016-04-28,ind_valo_fin_ult1,0.9169571359113772
171162,2016-04-28,ind_recibo_ult1,0.7377281884445053
171162,2016-04-28,ind_dela_fin_ult1,0.634568764659358
171162,2016-04-28,ind_reca_fin_ult1,0.6072526146126632
178648,2016-04-28,ind_dela_fin_ult1,0.6396402451730383
178648,2016-04-28,ind_tjcr_fin_ult1,0.6044106556132836
178648,2016-04-28,ind_recibo_ult1,0.5826336211084586
193151,2016-04-28,ind_ctop_fin_ult1,0.4551283123669721
193151,2016-04-28,ind_ctpp_fin_ult1,0.3365148541108298
193151,2016-04-28,ind_reca_fin_ult1,0.15257126519807135
198202,2016-04-28,ind_ctop_fin_ult1,0.9708574134493376
198202,2016-04-28,ind_plan_fin_ult1,0.8234773482170317
198202,2016-04-28,ind_cco_fin_ult1,0.7489402571275929
201445,2016-04-28,ind_tjcr_fin_ult1,0.9203819800033013
201445,2016-04-28,ind_ctpp_fin_ult1,0.8880324288657518
201445,2016-04-28,ind_ecue_fin_ult1,0.8118346438840284
204239,2016-04-28,ind_ctop_fin_ult1,0.5893566365856555
204239,2016-04-28,ind_ctpp_fin_ult1,0.2969990639137832
204239,2016-04-28,ind_dela_fin_ult1,0.13194773398387352
205750,2016-04-28,ind_fond_fin_ult1,0.9858065050855903
205750,2016-04-28,ind_nom_pens_ult1,0.9789126753254239
205750,2016-04-28,ind_reca_fin_ult1,0.9740473856111797
210459,2016-04-28,ind_plan_fin_ult1,0.9843308303939081
210459,2016-04-28,ind_ctop_fin_ult1,0.9543166867864616
210459,2016-04-28,ind_reca_fin_ult1,0.9277608169737299
226056,2016-04-28,ind_recibo_ult1,0.5973981053949532
226056,2016-04-28,ind_dela_fin_ult1,0.5959340496061442
226056,2016-04-28,ind_tjcr_fin_ult1,0.5923994309293004
226575,2016-04-28,ind_recibo_ult1,0.7048422610819574
226575,2016-04-28,ind_dela_fin_ult1,0.6512844843263512
226575,2016-04-28,ind_tjcr_fin_ult1,0.5775595531027781
228103,2016-04-28,ind_dela_fin_ult1,0.27120452655674054
228103,2016-04-28,ind_fond_fin_ult1,0.14277369776508908
228103,2016-04-28,ind_ecue_fin_ult1,0.12783420500341938
238585,2016-04-28,ind_fond_fin_ult1,0.9708284865027024
238585,2016-04-28,ind_tjcr_fin_ult1,0.9037821023771965
238585,2016-04-28,ind_valo_fin_ult1,0.7795302056430812
241977,2016-04-28,ind_nom_pens_ult1,0.990669519952298
241977,2016-04-28,ind_nomina_ult1,0.9866061006604546
241977,2016-04-28,ind_fond_fin_ult1,0.9656811103840695
246541,2016-04-28,ind_dela_fin_ult1,0.9466526772890062
246541,2016-04-28,ind_fond_fin_ult1,0.8753436164505428
246541,2016-04-28,ind_valo_fin_ult1,0.8594349987039378
251798,2016-04-28,ind_dela_fin_ult1,0.34657811219589185
251798,2016-04-28,ind_plan_fin_ult1,0.24436849595925159
251798,2016-04-28,ind_ctpp_fin_ult1,0.21536724678189542
256867,2016-04-28,ind_ctop_fin_ult1,0.949962168512284
256867,2016-04-28,ind_tjcr_fin_ult1,0.914172448703578
256867,2016-04-28,ind_valo_fin_ult1,0.9122240495320666
263086,2016-04-28,ind_ctop_fin_ult1,0.8575720198921576
263086,2016-04-28,ind_ctpp_fin_ult1,0.798175689798028
263086,2016-04-28,ind_recibo_ult1,0.6787452422487613
269047,2016-04-28,ind_dela_fin_ult1,0.11255479499422558
269047,2016-04-28,ind_cco_fin_ult1,0.10881811516643503
269047,2016-04-28,ind_ecue_fin_ult1,0.07892499165095014
280473,2016-04-28,ind_ctop_fin_ult1,0.8952256162540289
280473,2016-04-28,ind_dela_fin_ult1,0.7838903148974515
280473,2016-04-28,ind_tjcr_fin_ult1,0.663298820483974
281904,2016-04-28,ind_dela_fin_ult1,0.19981898129439432
281904,2016-04-28,ind_reca_fin_ult1,0.13803268991447093
281904,2016-04-28,ind_fond_fin_ult1,0.1016622364568554
284772,2016-04-28,ind_dela_fin_ult1,0.2308864821785489
284772,2016-04-28,ind_fond_fin_ult1,0.16101182968275946
284772,2016-04-28,ind_reca_fin_ult1,0.1411887692574331
287513,2016-04-28,ind_ctop_fin_ult1,0.8106599695750554
287513,2016-04-28,ind_ctpp_fin_ult1,0.6235220315453524
287513,2016-04-28,ind_recibo_ult1,0.5868784185688335
312236,2016-04-28,ind_dela_fin_ult1,0.19757509784665003
312236,2016-04-28,ind_cco_fin_ult1,0.13459869608107464
312236,2016-04-28,ind_fond_fin_ult1,0.1280280158107039
315979,2016-04-28,ind_recibo_ult1,0.9348534694718905
315979,2016-04-28,ind_ctma_fin_ult1,0.9343768569160195
315979,2016-04-28,ind_dela_fin_ult1,0.7967514530870501
317409,2016-04-28,ind_dela_fin_ult1,0.3397436002339086
317409,2016-04-28,ind_ecue_fin_ult1,0.15438907199577145
317409,2016-04-28,ind_fond_fin_ult1,0.151123561296723
321929,2016-04-28,ind_ctop_fin_ult1,0.9247173410473891
321929,2016-04-28,ind_tjcr_fin_ult1,0.9073411404887832
321929,2016-04-28,ind_ctpp_fin_ult1,0.9011284547010141
322374,2016-04-28,ind_ctpp_fin_ult1,0.9738331925751891
322374,2016-04-28,ind_valo_fin_ult1,0.9663522333472878
322374,2016-04-28,ind_tjcr_fin_ult1,0.9629805049530898
331073,2016-04-28,ind_fond_fin_ult1,0.9605490926389207
331073,2016-04-28,ind_plan_fin_ult1,0.8774269658565067
331073,2016-04-28,ind_ctop_fin_ult1,0.8416875634305983
342943,2016-04-28,ind_valo_fin_ult1,0.9710257017798548
342943,2016-04-28,ind_plan_fin_ult1,0.954853117210753
342943,2016-04-28,ind_dela_fin_ult1,0.8821151809146685
345783,2016-04-28,ind_dela_fin_ult1,0.32712244033545623
345783,2016-04-28,ind_ctop_fin_ult1,0.27820195217892907
345783,2016-04-28,ind_ctpp_fin_ult1,0.2697641219769415
354196,2016-04-28,ind_nom_pens_ult1,0.9633590378751332
354196,2016-04-28,ind_nomina_ult1,0.9577181270460641
354196,2016-04-28,ind_tjcr_fin_ult1,0.8539437232181581
363390,2016-04-28,ind_ctpp_fin_ult1,0.5497860246699534
363390,2016-04-28,ind_ctop_fin_ult1,0.2750653469541376
363390,2016-04-28,ind_recibo_ult1,0.21502723455164233
366045,2016-04-28,ind_ctma_fin_ult1,0.7707134948263764
366045,2016-04-28,ind_dela_fin_ult1,0.7023954427712695
366045,2016-04-28,ind_recibo_ult1,0.7020891460885538
366587,2016-04-28,ind_dela_fin_ult1,0.21016418461572342
366587,2016-04-28,ind_reca_fin_ult1,0.1383984123772193
366587,2016-04-28,ind_fond_fin_ult1,0.10424003031595261
377374,2016-04-28,ind_dela_fin_ult1,0.17389494924740811
377374,2016-04-28,ind_reca_fin_ult1,0.08667051960918068
377374,2016-04-28,ind_tjcr_fin_ult1,0.06625557776049106
379708,2016-04-28,ind_dela_fin_ult1,0.20417883777583348
379708,2016-04-28,ind_reca_fin_ult1,0.1379625188959917
379708,2016-04-28,ind_fond_fin_ult1,0.10094171894535316
381232,2016-04-28,ind_tjcr_fin_ult1,0.9689761741919952
381232,2016-04-28,ind_ctop_fin_ult1,0.9378543281765211
381232,2016-04-28,ind_reca_fin_ult1,0.914804174007621
383083,2016-04-28,ind_ctop_fin_ult1,0.5854256647716164
383083,2016-04-28,ind_dela_fin_ult1,0.24223024052097342
383083,2016-04-28,ind_plan_fin_ult1,0.1730794392708407
384110,2016-04-28,ind_reca_fin_ult1,0.15794045067348894
384110,2016-04-28,ind_dela_fin_ult1,0.10672940664482211
384110,2016-04-28,ind_fond_fin_ult1,0.08925073012055512
388498,2016-04-28,ind_recibo_ult1,0.6308821589054855
388498,2016-04-28,ind_tjcr_fin_ult1,0.549704561954212
388498,2016-04-28,ind_dela_fin_ult1,0.5059630399021499
388588,2016-04-28,ind_cco_fin_ult1,0.14640377078446312
388588,2016-04-28,ind_dela_fin_ult1,0.1386819044462634
388588,2016-04-28,ind_ecue_fin_ult1,0.10808140550361353
389905,2016-04-28,ind_ctop_fin_ult1,0.1645522795591609
389905,2016-04-28,ind_ecue_fin_ult1,0.15178578320755906
389905,2016-04-28,ind_cco_fin_ult1,0.15002299158624754
398557,2016-04-28,ind_dela_fin_ult1,0.9316748603451092
398557,2016-04-28,ind_fond_fin_ult1,0.8663541476528892
398557,2016-04-28,ind_tjcr_fin_ult1,0.8583287091625333
418064,2016-04-28,ind_dela_fin_ult1,0.16179085035959076
418064,2016-04-28,ind_cco_fin_ult1,0.15195777986429898
418064,2016-04-28,ind_ecue_fin_ult1,0.11950894949711081
433418,2016-04-28,ind_reca_fin_ult1,0.7044038015734929
433418,2016-04-28,ind_dela_fin_ult1,0.6751799422452535
433418,2016-04-28,ind_tjcr_fin_ult1,0.6610002099375111
445774,2016-04-28,ind_dela_fin_ult1,0.6551011030189674
445774,2016-04-28,ind_ctop_fin_ult1,0.6507414190942147
445774,2016-04-28,ind_recibo_ult1,0.5867801370156978
450118,2016-04-28,ind_dela_fin_ult1,0.7382303539869058
450118,2016-04-28,ind_reca_fin_ult1,0.7262702922390335
450118,2016-04-28,ind_tjcr_fin_ult1,0.7022804837616713
461800,2016-04-28,ind_ctop_fin_ult1,0.3353271554226141
461800,2016-04-28,ind_dela_fin_ult1,0.3242250822555054
461800,2016-04-28,ind_ctpp_fin_ult1,0.22861237459923026
489386,2016-04-28,ind_ctop_fin_ult1,0.25352776876756933
489386,2016-04-28,ind_ctpp_fin_ult1,0.17557839553498938
489386,2016-04-28,ind_reca_fin_ult1,0.16906925558346206
501948,2016-04-28,ind_recibo_ult1,0.6272697385706988
501948,2016-04-28,ind_dela_fin_ult1,0.5291341044948288
501948,2016-04-28,ind_reca_fin_ult1,0.5019412921734974
509507,2016-04-28,ind_nom_pens_ult1,0.9131949421168726
509507,2016-04-28,ind_nomina_ult1,0.8855059535113584
509507,2016-04-28,ind_recibo_ult1,0.8033020437090919
517413,2016-04-28,ind_reca_fin_ult1,0.8491408438438924
517413,2016-04-28,ind_cno_fin_ult1,0.7478893540479918
517413,2016-04-28,ind_ctpp_fin_ult1,0.745293468628335
521903,2016-04-28,ind_recibo_ult1,0.5823222246090817
521903,2016-04-28,ind_dela_fin_ult1,0.5396552944914382
521903,2016-04-28,ind_tjcr_fin_ult1,0.4268044711269613
527416,2016-04-28,ind_recibo_ult1,0.6746565215570806
527416,2016-04-28,ind_ctop_fin_ult1,0.6161110743701748
527416,2016-04-28,ind_ctpp_fin_ult1,0.5714062327250962
533991,2016-04-28,ind_cco_fin_ult1,0.8198988802177082
533991,2016-04-28,ind_ecue_fin_ult1,0.6862661639979791
533991,2016-04-28,ind_fond_fin_ult1,0.6058519293734863
538418,2016-04-28,ind_recibo_ult1,0.7058842446055008
538418,2016-04-28,ind_plan_fin_ult1,0.5861485908671229
538418,2016-04-28,ind_dela_fin_ult1,0.5614110580770343
556236,2016-04-28,ind_dela_fin_ult1,0.5807995946112381
556236,2016-04-28,ind_ctma_fin_ult1,0.28243179293957105
556236,2016-04-28,ind_fond_fin_ult1,0.22766402361203222
558470,2016-04-28,ind_dela_fin_ult1,0.46166675149834036
558470,2016-04-28,ind_fond_fin_ult1,0.13567316487638334
558470,2016-04-28,ind_ecue_fin_ult1,0.11763623752055405
558670,2016-04-28,ind_fond_fin_ult1,0.7779212070034525
558670,2016-04-28,ind_dela_fin_ult1,0.754772678235329
558670,2016-04-28,ind_ctpp_fin_ult1,0.7254288644199945
586233,2016-04-28,ind_ctpp_fin_ult1,0.2870438626674153
586233,2016-04-28,ind_ctop_fin_ult1,0.2225157981876341
586233,2016-04-28,ind_plan_fin_ult1,0.18765366776597234
588633,2016-04-28,ind_tjcr_fin_ult1,0.9733145640711066
588633,2016-04-28,ind_ctpp_fin_ult1,0.9524140078860546
588633,2016-04-28,ind_valo_fin_ult1,0.8808349322471055
592706,2016-04-28,ind_recibo_ult1,0.694516862236014
592706,2016-04-28,ind_ctop_fin_ult1,0.5460037756506062
592706,2016-04-28,ind_ctpp_fin_ult1,0.5453333113621962
598523,2016-04-28,ind_dela_fin_ult1,0.15322528295393795
598523,2016-04-28,ind_cco_fin_ult1,0.14889009462797825
598523,2016-04-28,ind_ecue_fin_ult1,0.125335130389544
599510,2016-04-28,ind_ctop_fin_ult1,0.3378161419800633
599510,2016-04-28,ind_ctpp_fin_ult1,0.17201591478111317
599510,2016-04-28,ind_cco_fin_ult1,0.16148462125999136
607799,2016-04-28,ind_dela_fin_ult1,0.7644287364604251
607799,2016-04-28,ind_fond_fin_ult1,0.5263662067838194
607799,2016-04-28,ind_recibo_ult1,0.524134712945581
610846,2016-04-28,ind_cco_fin_ult1,0.8185167523832896
610846,2016-04-28,ind_ctop_fin_ult1,0.7667099467022844
610846,2016-04-28,ind_plan_fin_ult1,0.6247794476619253
614758,2016-04-28,ind_dela_fin_ult1,0.4115556053282403
614758,2016-04-28,ind_plan_fin_ult1,0.2841263197235812
614758,2016-04-28,ind_ecue_fin_ult1,0.21476470974238865
616726,2016-04-28,ind_dela_fin_ult1,0.7475261755557889
616726,2016-04-28,ind_cco_fin_ult1,0.5656408918390425
616726,2016-04-28,ind_ecue_fin_ult1,0.5215838084324891
623868,2016-04-28,ind_dela_fin_ult1,0.8137020915887586
623868,2016-04-28,ind_recibo_ult1,0.5326932495257054
623868,2016-04-28,ind_fond_fin_ult1,0.4760843572262542
627030,2016-04-28,ind_dela_fin_ult1,0.31869790880611815
627030,2016-04-28,ind_ctop_fin_ult1,0.2429075561042332
627030,2016-04-28,ind_plan_fin_ult1,0.22732576643970095
628402,2016-04-28,ind_dela_fin_ult1,0.29110764187124044
628402,2016-04-28,ind_fond_fin_ult1,0.2018004560624482
628402,2016-04-28,ind_reca_fin_ult1,0.19657353534653205
631541,2016-04-28,ind_dela_fin_ult1,0.3390258369240003
631541,2016-04-28,ind_fond_fin_ult1,0.1364348503817307
631541,2016-04-28,ind_reca_fin_ult1,0.12805044557651787
636838,2016-04-28,ind_ctma_fin_ult1,0.6612336124107254
636838,2016-04-28,ind_tjcr_fin_ult1,0.6325166895230617
636838,2016-04-28,ind_ecue_fin_ult1,0.5866894621028129
649290,2016-04-28,ind_ctpp_fin_ult1,0.2636501270576073
649290,2016-04-28,ind_reca_fin_ult1,0.1768740327916756
649290,2016-04-28,ind_dela_fin_ult1,0.14472747006414266
649690,2016-04-28,ind_dela_fin_ult1,0.24426693155352827
649690,2016-04-28,ind_ctpp_fin_ult1,0.2274402919976603
649690,2016-04-28,ind_plan_fin_ult1,0.19408451549867475
656715,2016-04-28,ind_ctpp_fin_ult1,0.24260761470648665
656715,2016-04-28,ind_ecue_fin_ult1,0.21665063594060854
656715,2016-04-28,ind_plan_fin_ult1,0.20172678625807577
665605,2016-04-28,ind_dela_fin_ult1,0.20715640694858117
665605,2016-04-28,ind_ctpp_fin_ult1,0.19280348807735417
665605,2016-04-28,ind_reca_fin_ult1,0.12313215094043875
675695,2016-04-28,ind_ctop_fin_ult1,0.23010339399251636
675695,2016-04-28,ind_dela_fin_ult1,0.17264094783183387
675695,2016-04-28,ind_ecue_fin_ult1,0.15311735187191672
679051,2016-04-28,ind_dela_fin_ult1,0.6251356342075179
679051,2016-04-28,ind_recibo_ult1,0.622791585328672
679051,2016-04-28,ind_reca_fin_ult1,0.5062478993240722
696721,2016-04-28,ind_dela_fin_ult1,0.24007840639950823
696721,2016-04-28,ind_ecue_fin_ult1,0.1845250791058055
696721,2016-04-28,ind_plan_fin_ult1,0.17852122530878467
700096,2016-04-28,ind_dela_fin_ult1,0.41536382349264367
700096,2016-04-28,ind_plan_fin_ult1,0.2312153944023201
700096,2016-04-28,ind_ctma_fin_ult1,0.21770131309868754
706641,2016-04-28,ind_dela_fin_ult1,0.2776099126022792
706641,2016-04-28,ind_ecue_fin_ult1,0.19201103597009447
706641,2016-04-28,ind_plan_fin_ult1,0.1601048318363289
716822,2016-04-28,ind_ctpp_fin_ult1,0.9689833141874213
716822,2016-04-28,ind_tjcr_fin_ult1,0.9385825128755664
716822,2016-04-28,ind_ecue_fin_ult1,0.8351966172006163
720541,2016-04-28,ind_dela_fin_ult1,0.5875419965341917
720541,2016-04-28,ind_ctma_fin_ult1,0.517446104122616
720541,2016-04-28,ind_plan_fin_ult1,0.4816521176467521
721615,2016-04-28,ind_ctop_fin_ult1,0.18522306861538312
721615,2016-04-28,ind_cco_fin_ult1,0.1747911231327196
721615,2016-04-28,ind_ecue_fin_ult1,0.17024718578942252
724088,2016-04-28,ind_ctpp_fin_ult1,0.20349443207096038
724088,2016-04-28,ind_dela_fin_ult1,0.18558053972115685
724088,2016-04-28,ind_reca_fin_ult1,0.12116940406316604
724291,2016-04-28,ind_recibo_ult1,0.6928803918558378
724291,2016-04-28,ind_reca_fin_ult1,0.5573621703307441
724291,2016-04-28,ind_valo_fin_ult1,0.5286255033935422
734871,2016-04-28,ind_cco_fin_ult1,0.8106774678749117
734871,2016-04-28,ind_ctma_fin_ult1,0.6574016027521591
734871,2016-04-28,ind_cno_fin_ult1,0.37847189536697734
738869,2016-04-28,ind_fond_fin_ult1,0.815993926119896
738869,2016-04-28,ind_ecue_fin_ult1,0.6493236115808373
738869,2016-04-28,ind_plan_fin_ult1,0.627836228446389
756509,2016-04-28,ind_ecue_fin_ult1,0.8657252057636845
756509,2016-04-28,ind_dela_fin_ult1,0.3751413138091221
756509,2016-04-28,ind_fond_fin_ult1,0.24784896266425574
767242,2016-04-28,ind_dela_fin_ult1,0.4120062628905726
767242,2016-04-28,ind_plan_fin_ult1,0.24842934315735052
767242,2016-04-28,ind_cco_fin_ult1,0.23697332748027258
768521,2016-04-28,ind_dela_fin_ult1,0.2662230005146538
768521,2016-04-28,ind_ctpp_fin_ult1,0.2116262261402192
768521,2016-04-28,ind_reca_fin_ult1,0.19507915926767616
781834,2016-04-28,ind_dela_fin_ult1,0.2546917932939275
781834,2016-04-28,ind_reca_fin_ult1,0.2024599624831301
781834,2016-04-28,ind_fond_fin_ult1,0.17296428021588667
792021,2016-04-28,ind_dela_fin_ult1,0.1734664395150224
792021,2016-04-28,ind_ecue_fin_ult1,0.17103413991388694
792021,2016-04-28,ind_cco_fin_ult1,0.14974333646378885
805106,2016-04-28,ind_dela_fin_ult1,0.6751755864474192
805106,2016-04-28,ind_recibo_ult1,0.6731530394818301
805106,2016-04-28,ind_valo_fin_ult1,0.6118717156390912
806949,2016-04-28,ind_ctpp_fin_ult1,0.22165150146098253
806949,2016-04-28,ind_ecue_fin_ult1,0.18147500096404787
806949,2016-04-28,ind_dela_fin_ult1,0.155087009849803
813310,2016-04-28,ind_plan_fin_ult1,0.613609151553447
813310,2016-04-28,ind_dela_fin_ult1,0.589039613172635
813310,2016-04-28,ind_ctma_fin_ult1,0.37551457466702826
813680,2016-04-28,ind_recibo_ult1,0.7797127049518181
813680,2016-04-28,ind_plan_fin_ult1,0.5524044480348428
813680,2016-04-28,ind_reca_fin_ult1,0.5245586376843214
818965,2016-04-28,ind_cno_fin_ult1,0.8047401414630773
818965,2016-04-28,ind_reca_fin_ult1,0.7946772929115008
818965,2016-04-28,ind_ctma_fin_ult1,0.6813370020079978
823465,2016-04-28,ind_dela_fin_ult1,0.21512526820634087
823465,2016-04-28,ind_ecue_fin_ult1,0.18675228426168866
823465,2016-04-28,ind_cco_fin_ult1,0.14745343088240248
844706,2016-04-28,ind_recibo_ult1,0.7291986159640101
844706,2016-04-28,ind_plan_fin_ult1,0.6419014019028728
844706,2016-04-28,ind_dela_fin_ult1,0.6144179831436989
846770,2016-04-28,ind_nom_pens_ult1,0.9786352537064468
846770,2016-04-28,ind_nomina_ult1,0.9702319595611978
846770,2016-04-28,ind_tjcr_fin_ult1,0.949712316160976
848534,2016-04-28,ind_recibo_ult1,0.7847478454406955
848534,2016-04-28,ind_plan_fin_ult1,0.7016028773691511
848534,2016-04-28,ind_dela_fin_ult1,0.5971005425371645
852522,2016-04-28,ind_recibo_ult1,0.8338195085484047
852522,2016-04-28,ind_ctpp_fin_ult1,0.5096832975282103
852522,2016-04-28,ind_cno_fin_ult1,0.5071461545451352
852630,2016-04-28,ind_plan_fin_ult1,0.7825796480441367
852630,2016-04-28,ind_recibo_ult1,0.7643500879002104
852630,2016-04-28,ind_dela_fin_ult1,0.7238667203441704
859526,2016-04-28,ind_ctpp_fin_ult1,0.21328051303139714
859526,2016-04-28,ind_ecue_fin_ult1,0.1905209010824778
859526,2016-04-28,ind_cco_fin_ult1,0.15132075333199552
861421,2016-04-28,ind_ecue_fin_ult1,0.8383171730201389
861421,2016-04-28,ind_cno_fin_ult1,0.09578504948933927
861421,2016-04-28,ind_nom_pens_ult1,0.08639285250403521
865883,2016-04-28,ind_dela_fin_ult1,0.24814137713769144
865883,2016-04-28,ind_ecue_fin_ult1,0.2089976884231527
865883,2016-04-28,ind_cco_fin_ult1,0.16059328900945194
866332,2016-04-28,ind_ecue_fin_ult1,0.5764452945085146
866332,2016-04-28,ind_cno_fin_ult1,0.009780627824211493
866332,2016-04-28,ind_cco_fin_ult1,0.007354018458068907
870411,2016-04-28,ind_ctpp_fin_ult1,0.9818817116357528
870411,2016-04-28,ind_plan_fin_ult1,0.9771078499830917
870411,2016-04-28,ind_ctma_fin_ult1,0.9770014204157481
873713,2016-04-28,ind_dela_fin_ult1,0.8468102128834107
873713,2016-04-28,ind_recibo_ult1,0.7664050703231708
873713,2016-04-28,ind_valo_fin_ult1,0.6730335740243215
878046,2016-04-28,ind_ecue_fin_ult1,0.21470599199611876
878046,2016-04-28,ind_cco_fin_ult1,0.20710649516721208
878046,2016-04-28,ind_dela_fin_ult1,0.16342681252896188
879359,2016-04-28,ind_recibo_ult1,0.7312408978277216
879359,2016-04-28,ind_ctma_fin_ult1,0.6628438354572203
879359,2016-04-28,ind_reca_fin_ult1,0.6178795729671489
880940,2016-04-28,ind_ctma_fin_ult1,0.9900705167633853
880940,2016-04-28,ind_tjcr_fin_ult1,0.9672834645936912
880940,2016-04-28,ind_ctpp_fin_ult1,0.9587259147043834
896237,2016-04-28,ind_ecue_fin_ult1,0.9959495463802672
896237,2016-04-28,ind_plan_fin_ult1,0.9562792732633857
896237,2016-04-28,ind_reca_fin_ult1,0.9115570220653321
900252,2016-04-28,ind_ecue_fin_ult1,0.9665587423634289
900252,2016-04-28,ind_cno_fin_ult1,0.7218847179830304
900252,2016-04-28,ind_tjcr_fin_ult1,0.7207706806716383
905133,2016-04-28,ind_ecue_fin_ult1,0.9773302130459507
905133,2016-04-28,ind_cno_fin_ult1,0.9611908191127738
905133,2016-04-28,ind_cco_fin_ult1,0.9563478923480192
906114,2016-04-28,ind_dela_fin_ult1,0.882330491284
906114,2016-04-28,ind_valo_fin_ult1,0.8445580328036104
906114,2016-04-28,ind_plan_fin_ult1,0.8380313748291255
911648,2016-04-28,ind_nom_pens_ult1,0.987750564610899
911648,2016-04-28,ind_nomina_ult1,0.983722700874357
911648,2016-04-28,ind_tjcr_fin_ult1,0.9577836631964299
913046,2016-04-28,ind_ecue_fin_ult1,0.8814759636029728
913046,2016-04-28,ind_dela_fin_ult1,0.5180907202031386
913046,2016-04-28,ind_plan_fin_ult1,0.2281632476886712
915550,2016-04-28,ind_recibo_ult1,0.7145396595044124
915550,2016-04-28,ind_reca_fin_ult1,0.5890285698413343
915550,2016-04-28,ind_dela_fin_ult1,0.5690315074187824
917465,2016-04-28,ind_ecue_fin_ult1,0.239680289499796
917465,2016-04-28,ind_cco_fin_ult1,0.21806058647036716
917465,2016-04-28,ind_ctma_fin_ult1,0.2166463033649576
929199,2016-04-28,ind_reca_fin_ult1,0.1202615907654549
929199,2016-04-28,ind_recibo_ult1,0.11410538230966588
929199,2016-04-28,ind_ctma_fin_ult1,0.10294853845676655
929954,2016-04-28,ind_ctma_fin_ult1,0.6143439695371142
929954,2016-04-28,ind_dela_fin_ult1,0.5392512857518436
929954,2016-04-28,ind_plan_fin_ult1,0.38716168772251797
942777,2016-04-28,ind_reca_fin_ult1,0.1208519921620268
942777,2016-04-28,ind_recibo_ult1,0.11355279061217362
942777,2016-04-28,ind_ctma_fin_ult1,0.11288359890342416
950197,2016-04-28,ind_recibo_ult1,0.08932807392792061
950197,2016-04-28,ind_reca_fin_ult1,0.07683501004567884
950197,2016-04-28,ind_cno_fin_ult1,0.0765836308067244
952545,2016-04-28,ind_recibo_ult1,0.08947898144156106
952545,2016-04-28,ind_reca_fin_ult1,0.0780379660284754
952545,2016-04-28,ind_cno_fin_ult1,0.07696713724442313
952981,2016-04-28,ind_recibo_ult1,0.7006866161714063
952981,2016-04-28,ind_cno_fin_ult1,0.5061984173785997
952981,2016-04-28,ind_nomina_ult1,0.45583356161694877
953381,2016-04-28,ind_cco_fin_ult1,0.23200369741195942
953381,2016-04-28,ind_ecue_fin_ult1,0.22259848913458635
953381,2016-04-28,ind_cno_fin_ult1,0.15917491772567552
957434,2016-04-28,ind_recibo_ult1,0.09035467329552396
957434,2016-04-28,ind_cno_fin_ult1,0.07779850591110317
957434,2016-04-28,ind_reca_fin_ult1,0.0750462586541609
958621,2016-04-28,ind_reca_fin_ult1,0.12058796803314167
958621,2016-04-28,ind_recibo_ult1,0.11555552898992581
958621,2016-04-28,ind_ctma_fin_ult1,0.10187550340617242
960575,2016-04-28,ind_nom_pens_ult1,0.9903204760530151
960575,2016-04-28,ind_nomina_ult1,0.9896655420022749
960575,2016-04-28,ind_cco_fin_ult1,0.930293827085833
966170,2016-04-28,ind_recibo_ult1,0.09039352731744589
966170,2016-04-28,ind_cno_fin_ult1,0.07796142475978289
966170,2016-04-28,ind_reca_fin_ult1,0.07452600900140602
969745,2016-04-28,ind_ctma_fin_ult1,0.16619295665663336
969745,2016-04-28,ind_reca_fin_ult1,0.12096301247888676
969745,2016-04-28,ind_recibo_ult1,0.10906291565190109
986500,2016-04-28,ind_recibo_ult1,0.09115502670605265
986500,2016-04-28,ind_cno_fin_ult1,0.07803907494464295
986500,2016-04-28,ind_reca_fin_ult1,0.07644200612016025
989760,2016-04-28,ind_ctma_fin_ult1,0.14904745558847773
989760,2016-04-28,ind_reca_fin_ult1,0.12397602091839195
989760,2016-04-28,ind_recibo_ult1,0.11183170613892798
994466,2016-04-28,ind_cco_fin_ult1,0.5026196416088194
994466,2016-04-28,ind_cno_fin_ult1,0.2126794657491722
994466,2016-04-28,ind_ctma_fin_ult1,0.11007628869061097
1012170,2016-04-28,ind_ecue_fin_ult1,0.8845470061803662
1012170,2016-04-28,ind_cno_fin_ult1,0.13775913835590542
1012170,2016-04-28,ind_nom_pens_ult1,0.10168590943052756
1030571,2016-04-28,ind_recibo_ult1,0.7067985478116079
1030571,2016-04-28,ind_cno_fin_ult1,0.5235845788093654
1030571,2016-04-28,ind_nomina_ult1,0.47471385413697315
1033052,2016-04-28,ind_cco_fin_ult1,0.5135699550229141
1033052,2016-04-28,ind_cno_fin_ult1,0.22321767241999216
1033052,2016-04-28,ind_ctma_fin_ult1,0.13514608746966955
1042575,2016-04-28,ind_recibo_ult1,0.6467396726774315
1042575,2016-04-28,ind_cno_fin_ult1,0.4959632718752361
1042575,2016-04-28,ind_nomina_ult1,0.4588134618423919
1044042,2016-04-28,ind_recibo_ult1,0.708582897763422
1044042,2016-04-28,ind_cno_fin_ult1,0.5317499608674466
1044042,2016-04-28,ind_nomina_ult1,0.4742830682207627
1050490,2016-04-28,ind_recibo_ult1,0.7080053848975861
1050490,2016-04-28,ind_cno_fin_ult1,0.529691927303745
1050490,2016-04-28,ind_nomina_ult1,0.47540897765040285
1050531,2016-04-28,ind_recibo_ult1,0.6481717410835911
1050531,2016-04-28,ind_cno_fin_ult1,0.4935621771822328
1050531,2016-04-28,ind_nomina_ult1,0.46333476147689734
1052366,2016-04-28,ind_recibo_ult1,0.0940876011673621
1052366,2016-04-28,ind_cno_fin_ult1,0.08486207066747158
1052366,2016-04-28,ind_reca_fin_ult1,0.07638515708697628
1057933,2016-04-28,ind_ctma_fin_ult1,0.2099665918388762
1057933,2016-04-28,ind_reca_fin_ult1,0.1261573341492414
1057933,2016-04-28,ind_recibo_ult1,0.11271634712896687
1059656,2016-04-28,ind_recibo_ult1,0.7087869117952528
1059656,2016-04-28,ind_cno_fin_ult1,0.5333455229406971
1059656,2016-04-28,ind_nomina_ult1,0.476670057046708
1061419,2016-04-28,ind_recibo_ult1,0.6509060996589225
1061419,2016-04-28,ind_cno_fin_ult1,0.4971741757819456
1061419,2016-04-28,ind_nomina_ult1,0.46858168969618863
1064141,2016-04-28,ind_dela_fin_ult1,0.8053920770745785
1064141,2016-04-28,ind_cco_fin_ult1,0.8025748978460796
1064141,2016-04-28,ind_plan_fin_ult1,0.760655117595377
1066375,2016-04-28,ind_cco_fin_ult1,0.248411102752794
1066375,2016-04-28,ind_ecue_fin_ult1,0.22882230500495077
1066375,2016-04-28,ind_cno_fin_ult1,0.17358158558035522
1077719,2016-04-28,ind_recibo_ult1,0.70595179768032
1077719,2016-04-28,ind_cno_fin_ult1,0.5358861157009444
1077719,2016-04-28,ind_nomina_ult1,0.47022079265743044
1078369,2016-04-28,ind_ctma_fin_ult1,0.11434345673462927
1078369,2016-04-28,ind_recibo_ult1,0.09040253675304574
1078369,2016-04-28,ind_cno_fin_ult1,0.08684269562466176
1080715,2016-04-28,ind_recibo_ult1,0.7332435343923994
1080715,2016-04-28,ind_reca_fin_ult1,0.6028191801727796
1080715,2016-04-28,ind_valo_fin_ult1,0.5141305386281785
1083075,2016-04-28,ind_reca_fin_ult1,0.2128460342137795
1083075,2016-04-28,ind_ctma_fin_ult1,0.14714172792490507
1083075,2016-04-28,ind_ecue_fin_ult1,0.13803165430245612
1083189,2016-04-28,ind_reca_fin_ult1,0.22090589261180493
1083189,2016-04-28,ind_ctma_fin_ult1,0.18087394418151687
1083189,2016-04-28,ind_ecue_fin_ult1,0.14232944633664382
1093734,2016-04-28,ind_recibo_ult1,0.6518948838657883
1093734,2016-04-28,ind_cno_fin_ult1,0.500655891532175
1093734,2016-04-28,ind_nomina_ult1,0.4719874339933279
1099413,2016-04-28,ind_recibo_ult1,0.09385202641882376
1099413,2016-04-28,ind_ctma_fin_ult1,0.08756378343999369
1099413,2016-04-28,ind_cno_fin_ult1,0.08651760394461436
1103358,2016-04-28,ind_recibo_ult1,0.09386222978158414
1103358,2016-04-28,ind_ctma_fin_ult1,0.08744393860214598
1103358,2016-04-28,ind_cno_fin_ult1,0.08656312544306408
1104582,2016-04-28,ind_cco_fin_ult1,0.4560057669856983
1104582,2016-04-28,ind_cno_fin_ult1,0.20467384572005168
1104582,2016-04-28,ind_nomina_ult1,0.0992453005957989
1110893,2016-04-28,ind_ecue_fin_ult1,0.8749193924301591
1110893,2016-04-28,ind_cno_fin_ult1,0.13102663480812912
1110893,2016-04-28,ind_nom_pens_ult1,0.10411414220919174
1111987,2016-04-28,ind_recibo_ult1,0.09412936714799838
1111987,2016-04-28,ind_ctma_fin_ult1,0.0895624624253352
1111987,2016-04-28,ind_cno_fin_ult1,0.0874823360184376
1112524,2016-04-28,ind_recibo_ult1,0.7100714881687906
1112524,2016-04-28,ind_cno_fin_ult1,0.5381832581113265
1112524,2016-04-28,ind_nomina_ult1,0.481870899491031
1112859,2016-04-28,ind_ctma_fin_ult1,0.8342152218410374
1112859,2016-04-28,ind_dela_fin_ult1,0.7503980935765919
1112859,2016-04-28,ind_fond_fin_ult1,0.6918156285388465
1113314,2016-04-28,ind_ctma_fin_ult1,0.09739041465386598
1113314,2016-04-28,ind_recibo_ult1,0.09329299469595297
1113314,2016-04-28,ind_cno_fin_ult1,0.08688156786039351
1115686,2016-04-28,ind_cco_fin_ult1,0.5246628251921315
1115686,2016-04-28,ind_cno_fin_ult1,0.2334390372099006
1115686,2016-04-28,ind_ctma_fin_ult1,0.14910137067368553
1118420,2016-04-28,ind_recibo_ult1,0.7240641036846833
1118420,2016-04-28,ind_dela_fin_ult1,0.6755567199275176
1118420,2016-04-28,ind_plan_fin_ult1,0.6142285857490457
1131525,2016-04-28,ind_ecue_fin_ult1,0.22051836353855095
1131525,2016-04-28,ind_cco_fin_ult1,0.20767262552206972
1131525,2016-04-28,ind_cno_fin_ult1,0.16377916021874914
1134170,2016-04-28,ind_cno_fin_ult1,0.999019193671908
1134170,2016-04-28,ind_ctpp_fin_ult1,0.8396912451754622
1134170,2016-04-28,ind_ecue_fin_ult1,0.8063051714234708
1136661,2016-04-28,ind_reca_fin_ult1,0.8569972344895394
1136661,2016-04-28,ind_cno_fin_ult1,0.7520647911744341
1136661,2016-04-28,ind_ctpp_fin_ult1,0.72854553531941
1143938,2016-04-28,ind_recibo_ult1,0.9040414299609115
1143938,2016-04-28,ind_ctma_fin_ult1,0.824098023902563
1143938,2016-04-28,ind_reca_fin_ult1,0.5822738664637743
1145029,2016-04-28,ind_ecue_fin_ult1,0.21530677050241007
1145029,2016-04-28,ind_cco_fin_ult1,0.2132991640303905
1145029,2016-04-28,ind_cno_fin_ult1,0.16666122524770777
1145344,2016-04-28,ind_ctma_fin_ult1,0.11410227054845497
1145344,2016-04-28,ind_recibo_ult1,0.0952137698757403
1145344,2016-04-28,ind_cno_fin_ult1,0.09374614604808759
1153265,2016-04-28,ind_ctma_fin_ult1,0.4186425877704032
1153265,2016-04-28,ind_ecue_fin_ult1,0.29170304001828573
1153265,2016-04-28,ind_cco_fin_ult1,0.24844909562505918
1153671,2016-04-28,ind_ctma_fin_ult1,0.1963923277077258
1153671,2016-04-28,ind_reca_fin_ult1,0.12830209201602813
1153671,2016-04-28,ind_recibo_ult1,0.1208687588446652
1155930,2016-04-28,ind_recibo_ult1,0.6752463931664654
1155930,2016-04-28,ind_cno_fin_ult1,0.4642148422843264
1155930,2016-04-28,ind_nomina_ult1,0.4308153831914627
1156393,2016-04-28,ind_recibo_ult1,0.7273080474047953
1156393,2016-04-28,ind_cno_fin_ult1,0.4992603154790079
1156393,2016-04-28,ind_plan_fin_ult1,0.4431743976049487
1162381,2016-04-28,ind_ctma_fin_ult1,0.14287820437320534
1162381,2016-04-28,ind_recibo_ult1,0.12940872376873253
1162381,2016-04-28,ind_reca_fin_ult1,0.1226664411030561
1162883,2016-04-28,ind_recibo_ult1,0.6731050578783927
1162883,2016-04-28,ind_cno_fin_ult1,0.4624565875554613
1162883,2016-04-28,ind_nomina_ult1,0.4273011624664954
1172217,2016-04-28,ind_cno_fin_ult1,0.9336325414041164
1172217,2016-04-28,ind_nomina_ult1,0.885735439816315
1172217,2016-04-28,ind_nom_pens_ult1,0.8672319009478122
1173740,2016-04-28,ind_reca_fin_ult1,0.8560330118243933
1173740,2016-04-28,ind_cno_fin_ult1,0.7950032643748134
1173740,2016-04-28,ind_valo_fin_ult1,0.7242578651555391
1177120,2016-04-28,ind_recibo_ult1,0.7157277565083745
1177120,2016-04-28,ind_cno_fin_ult1,0.5632346972071872
1177120,2016-04-28,ind_nomina_ult1,0.49501570256608185
1180102,2016-04-28,ind_ctma_fin_ult1,0.10160274776582585
1180102,2016-04-28,ind_recibo_ult1,0.09767512362550378
1180102,2016-04-28,ind_cno_fin_ult1,0.09455182141543897
1181143,2016-04-28,ind_recibo_ult1,0.7152667556308223
1181143,2016-04-28,ind_cno_fin_ult1,0.5605588065871828
1181143,2016-04-28,ind_nomina_ult1,0.4956430085747234
1185197,2016-04-28,ind_ctma_fin_ult1,0.10695910383249983
1185197,2016-04-28,ind_recibo_ult1,0.09705600235710381
1185197,2016-04-28,ind_cno_fin_ult1,0.09505866761830697
1187765,2016-04-28,ind_ctma_fin_ult1,0.19121298236037595
1187765,2016-04-28,ind_reca_fin_ult1,0.12527734347828748
1187765,2016-04-28,ind_recibo_ult1,0.12253430735120072
1190723,2016-04-28,ind_ctma_fin_ult1,0.21974175318828815
1190723,2016-04-28,ind_reca_fin_ult1,0.130286904827271
1190723,2016-04-28,ind_recibo_ult1,0.1205159727713045
1196767,2016-04-28,ind_ctma_fin_ult1,0.1808402304095596
1196767,2016-04-28,ind_reca_fin_ult1,0.12545781878495407
1196767,2016-04-28,ind_recibo_ult1,0.12339023070585482
1197767,2016-04-28,ind_ctma_fin_ult1,0.1322522941034037
1197767,2016-04-28,ind_cno_fin_ult1,0.09617582158284103
1197767,2016-04-28,ind_recibo_ult1,0.09519605199924894
1198705,2016-04-28,ind_ctma_fin_ult1,0.1034516090343796
1198705,2016-04-28,ind_recibo_ult1,0.09799551832596638
1198705,2016-04-28,ind_cno_fin_ult1,0.09575172554370963
1204468,2016-04-28,ind_cco_fin_ult1,0.47613164004293823
1204468,2016-04-28,ind_cno_fin_ult1,0.2236499609865852
1204468,2016-04-28,ind_nomina_ult1,0.10689773949967665
1206930,2016-04-28,ind_cco_fin_ult1,0.4727452173494961
1206930,2016-04-28,ind_cno_fin_ult1,0.22356715457357323
1206930,2016-04-28,ind_ctma_fin_ult1,0.1294373630212578
1207986,2016-04-28,ind_cco_fin_ult1,0.4745632968499924
1207986,2016-04-28,ind_cno_fin_ult1,0.22140657836854546
1207986,2016-04-28,ind_ctma_fin_ult1,0.10991220031518929
1208395,2016-04-28,ind_cco_fin_ult1,0.22091461861518322
1208395,2016-04-28,ind_ecue_fin_ult1,0.2181160774254162
1208395,2016-04-28,ind_cno_fin_ult1,0.17865059526305585
1216656,2016-04-28,ind_cco_fin_ult1,0.543414679483588
1216656,2016-04-28,ind_cno_fin_ult1,0.2528456529976508
1216656,2016-04-28,ind_ctma_fin_ult1,0.1786953987053465
1217948,2016-04-28,ind_ctma_fin_ult1,0.10645935054800759
1217948,2016-04-28,ind_recibo_ult1,0.09823237256767613
1217948,2016-04-28,ind_cno_fin_ult1,0.09656530817664517
1218130,2016-04-28,ind_ctma_fin_ult1,0.8136799135238528
1218130,2016-04-28,ind_recibo_ult1,0.7217000195584627
1218130,2016-04-28,ind_reca_fin_ult1,0.6273810445459223
1218634,2016-04-28,ind_cco_fin_ult1,0.5435719090414222
1218634,2016-04-28,ind_cno_fin_ult1,0.2530925847032223
1218634,2016-04-28,ind_ctma_fin_ult1,0.17819609395382377
1227116,2016-04-28,ind_cco_fin_ult1,0.5398478177950933
1227116,2016-04-28,ind_cno_fin_ult1,0.2551538268514206
1227116,2016-04-28,ind_ctma_fin_ult1,0.24290973976602356
1227179,2016-04-28,ind_cco_fin_ult1,0.4782580326755444
1227179,2016-04-28,ind_cno_fin_ult1,0.2283989904933816
1227179,2016-04-28,ind_ctma_fin_ult1,0.12681118464970076
1230331,2016-04-28,ind_cco_fin_ult1,0.5389332026205986
1230331,2016-04-28,ind_cno_fin_ult1,0.2537138997463733
1230331,2016-04-28,ind_ctma_fin_ult1,0.24656674858595773
1233198,2016-04-28,ind_ctma_fin_ult1,0.10816702521579712
1233198,2016-04-28,ind_recibo_ult1,0.09857049629931636
1233198,2016-04-28,ind_cno_fin_ult1,0.09786477183490988
1236100,2016-04-28,ind_cco_fin_ult1,0.482077070110093
1236100,2016-04-28,ind_cno_fin_ult1,0.23012324285283212
1236100,2016-04-28,ind_ctma_fin_ult1,0.1138127924223553
1237741,2016-04-28,ind_ctma_fin_ult1,0.33570289679232707
1237741,2016-04-28,ind_reca_fin_ult1,0.22729385159208423
1237741,2016-04-28,ind_dela_fin_ult1,0.1802654533005796
1238079,2016-04-28,ind_recibo_ult1,0.7123147835878209
1238079,2016-04-28,ind_ctpp_fin_ult1,0.4653794535969219
1238079,2016-04-28,ind_dela_fin_ult1,0.46420257973788914
1242071,2016-04-28,ind_ctma_fin_ult1,0.2700081504300052
1242071,2016-04-28,ind_ecue_fin_ult1,0.2693975644061153
1242071,2016-04-28,ind_cco_fin_ult1,0.2655853327988653
1247204,2016-04-28,ind_reca_fin_ult1,0.8590522373149478
1247204,2016-04-28,ind_cno_fin_ult1,0.8019366524390811
1247204,2016-04-28,ind_nomina_ult1,0.6897296321181289
1264292,2016-04-28,ind_ctma_fin_ult1,0.8943801070851378
1264292,2016-04-28,ind_cno_fin_ult1,0.8423343824817726
1264292,2016-04-28,ind_cco_fin_ult1,0.7927668754978529
1267723,2016-04-28,ind_dela_fin_ult1,0.866465525357809
1267723,2016-04-28,ind_recibo_ult1,0.822778817810594
1267723,2016-04-28,ind_fond_fin_ult1,0.81176335291136
1271161,2016-04-28,ind_cno_fin_ult1,0.8442931192082361
1271161,2016-04-28,ind_cco_fin_ult1,0.809119418145815
1271161,2016-04-28,ind_recibo_ult1,0.6772561204658228
1271362,2016-04-28,ind_ctma_fin_ult1,0.22262343763193226
1271362,2016-04-28,ind_reca_fin_ult1,0.13531105542875996
1271362,2016-04-28,ind_recibo_ult1,0.1265376521503939
1272343,2016-04-28,ind_ctma_fin_ult1,0.1325392543815884
1272343,2016-04-28,ind_cno_fin_ult1,0.1010001944376449
1272343,2016-04-28,ind_recibo_ult1,0.10042111562856229
1273586,2016-04-28,ind_recibo_ult1,0.7229318006677456
1273586,2016-04-28,ind_cno_fin_ult1,0.5868577685809364
1273586,2016-04-28,ind_nomina_ult1,0.5145336590989298
1275949,2016-04-28,ind_ctma_fin_ult1,0.13257426315065224
1275949,2016-04-28,ind_cno_fin_ult1,0.10355205089282933
1275949,2016-04-28,ind_recibo_ult1,0.10019690197701094
1282735,2016-04-28,ind_recibo_ult1,0.666193110447543
1282735,2016-04-28,ind_cno_fin_ult1,0.5494932794412781
1282735,2016-04-28,ind_nomina_ult1,0.5068563480323287
1293109,2016-04-28,ind_recibo_ult1,0.6503043425506032
1293109,2016-04-28,ind_cno_fin_ult1,0.5531859142159085
1293109,2016-04-28,ind_ctma_fin_ult1,0.5131645173508089
1294357,2016-04-28,ind_ctma_fin_ult1,0.13428471615377935
1294357,2016-04-28,ind_cno_fin_ult1,0.10504396242922148
1294357,2016-04-28,ind_recibo_ult1,0.10056296082543445
1300871,2016-04-28,ind_ctma_fin_ult1,0.13346099836648603
1300871,2016-04-28,ind_cno_fin_ult1,0.10471162691818489
1300871,2016-04-28,ind_recibo_ult1,0.1013129134809937
1307250,2016-04-28,ind_recibo_ult1,0.726324698372403
1307250,2016-04-28,ind_reca_fin_ult1,0.4725311984771097
1307250,2016-04-28,ind_ecue_fin_ult1,0.45647215941232633
1311833,2016-04-28,ind_ctma_fin_ult1,0.13836914839737524
1311833,2016-04-28,ind_cno_fin_ult1,0.10583019272137796
1311833,2016-04-28,ind_recibo_ult1,0.1007859674929556
1312631,2016-04-28,ind_recibo_ult1,0.6600409369057065
1312631,2016-04-28,ind_cno_fin_ult1,0.5543688135748045
1312631,2016-04-28,ind_nomina_ult1,0.4939627206018081
1318955,2016-04-28,ind_ctma_fin_ult1,0.7519840432336019
1318955,2016-04-28,ind_ecue_fin_ult1,0.3539961098676393
1318955,2016-04-28,ind_dela_fin_ult1,0.35240601833869645
1319728,2016-04-28,ind_recibo_ult1,0.6690714013019559
1319728,2016-04-28,ind_cno_fin_ult1,0.5533438679339681
1319728,2016-04-28,ind_nomina_ult1,0.5141706891552486
1329244,2016-04-28,ind_ctma_fin_ult1,0.1467553441213338
1329244,2016-04-28,ind_cno_fin_ult1,0.10278527033459724
1329244,2016-04-28,ind_recibo_ult1,0.10098653175023936
1338003,2016-04-28,ind_ctma_fin_ult1,0.1341454969749839
1338003,2016-04-28,ind_cno_fin_ult1,0.10654240016302624
1338003,2016-04-28,ind_recibo_ult1,0.10174749439981692
1340056,2016-04-28,ind_ctma_fin_ult1,0.6905565232939042
1340056,2016-04-28,ind_recibo_ult1,0.2672127841554728
1340056,2016-04-28,ind_ecue_fin_ult1,0.19794133620608628
1346840,2016-04-28,ind_ctma_fin_ult1,0.15658962062639054
1346840,2016-04-28,ind_cno_fin_ult1,0.1073100286924308
1346840,2016-04-28,ind_recibo_ult1,0.10046160707946258
1348924,2016-04-28,ind_recibo_ult1,0.6644663452527664
1348924,2016-04-28,ind_cno_fin_ult1,0.5590232017710128
1348924,2016-04-28,ind_nomina_ult1,0.5063879732820141
1352130,2016-04-28,ind_ecue_fin_ult1,0.24335130449086867
1352130,2016-04-28,ind_cco_fin_ult1,0.23337871080417355
1352130,2016-04-28,ind_ctma_fin_ult1,0.2284787769581
1355974,2016-04-28,ind_cco_fin_ult1,0.23381565839264834
1355974,2016-04-28,ind_ecue_fin_ult1,0.23348613311829686
1355974,2016-04-28,ind_cno_fin_ult1,0.19013469640024316
1358897,2016-04-28,ind_recibo_ult1,0.7262366105539323
1358897,2016-04-28,ind_cno_fin_ult1,0.5931039976573977
1358897,2016-04-28,ind_nomina_ult1,0.5254631978437123
1360615,2016-04-28,ind_cco_fin_ult1,0.561307542326886
1360615,2016-04-28,ind_cno_fin_ult1,0.27409274272549006
1360615,2016-04-28,ind_ctma_fin_ult1,0.2571302362647424
1361677,2016-04-28,ind_cco_fin_ult1,0.4912979955940965
1361677,2016-04-28,ind_cno_fin_ult1,0.24653525530779363
1361677,2016-04-28,ind_ctma_fin_ult1,0.21629192926437235
1365134,2016-04-28,ind_ctma_fin_ult1,0.32998945444881567
1365134,2016-04-28,ind_cco_fin_ult1,0.28593390221125337
1365134,2016-04-28,ind_ecue_fin_ult1,0.2711103012178116
1366042,2016-04-28,ind_ctma_fin_ult1,0.16162982561874312
1366042,2016-04-28,ind_cno_fin_ult1,0.10800089985928302
1366042,2016-04-28,ind_recibo_ult1,0.10066283274942187
1373881,2016-04-28,ind_recibo_ult1,0.7241262155471451
1373881,2016-04-28,ind_ctma_fin_ult1,0.7043479314936975
1373881,2016-04-28,ind_reca_fin_ult1,0.6396995799820131
1383796,2016-04-28,ind_reca_fin_ult1,0.8626221678788212
1383796,2016-04-28,ind_cno_fin_ult1,0.8295550024528898
1383796,2016-04-28,ind_ctma_fin_ult1,0.8065260799874305
1397118,2016-04-28,ind_ctma_fin_ult1,0.9742908407846805
1397118,2016-04-28,ind_reca_fin_ult1,0.9208669219856037
1397118,2016-04-28,ind_ecue_fin_ult1,0.8773508641299137
1400240,2016-04-28,ind_cco_fin_ult1,0.4989054320976457
1400240,2016-04-28,ind_ctma_fin_ult1,0.26726506367426883
1400240,2016-04-28,ind_cno_fin_ult1,0.2532425201995278
1404187,2016-04-28,ind_ctma_fin_ult1,0.7093988418968392
1404187,2016-04-28,ind_ecue_fin_ult1,0.3371476234548711
1404187,2016-04-28,ind_dela_fin_ult1,0.2788770378602121
1404379,2016-04-28,ind_dela_fin_ult1,0.9612435343471969
1404379,2016-04-28,ind_fond_fin_ult1,0.927636357789232
1404379,2016-04-28,ind_ctma_fin_ult1,0.914695233096288
1406334,2016-04-28,ind_recibo_ult1,0.7323416326956537
1406334,2016-04-28,ind_cno_fin_ult1,0.6124517501306849
1406334,2016-04-28,ind_ctma_fin_ult1,0.5499250418482653
1409050,2016-04-28,ind_recibo_ult1,0.7311777152831184
1409050,2016-04-28,ind_cno_fin_ult1,0.6154764646632732
1409050,2016-04-28,ind_ctma_fin_ult1,0.558320158924675
1424515,2016-04-28,ind_ctma_fin_ult1,0.29319223124817106
1424515,2016-04-28,ind_reca_fin_ult1,0.1356344990441155
1424515,2016-04-28,ind_cno_fin_ult1,0.13167590871930926
1425669,2016-04-28,ind_ctma_fin_ult1,0.16893907666643482
1425669,2016-04-28,ind_cno_fin_ult1,0.11526344214475916
1425669,2016-04-28,ind_recibo_ult1,0.10402349691940448
1431744,2016-04-28,ind_reca_fin_ult1,0.863727712182786
1431744,2016-04-28,ind_cno_fin_ult1,0.835123603666137
1431744,2016-04-28,ind_nomina_ult1,0.7426081775535261
1431827,2016-04-28,ind_recibo_ult1,0.6743033439895758
1431827,2016-04-28,ind_cno_fin_ult1,0.581987857887865
1431827,2016-04-28,ind_nomina_ult1,0.5358087686676608
1438452,2016-04-28,ind_ctma_fin_ult1,0.33263617172973103
1438452,2016-04-28,ind_ecue_fin_ult1,0.2621110420095678
1438452,2016-04-28,ind_cco_fin_ult1,0.243843663057056
1440076,2016-04-28,ind_cno_fin_ult1,0.8544463764876314
1440076,2016-04-28,ind_nomina_ult1,0.7735515530373649
1440076,2016-04-28,ind_nom_pens_ult1,0.7567616250774507
1444416,2016-04-28,ind_ctma_fin_ult1,0.7612946892415696
1444416,2016-04-28,ind_ecue_fin_ult1,0.40640423441799256
1444416,2016-04-28,ind_dela_fin_ult1,0.36700200528714505
1446128,2016-04-28,ind_ctma_fin_ult1,0.2913224482023947
1446128,2016-04-28,ind_reca_fin_ult1,0.13602626084007374
1446128,2016-04-28,ind_cno_fin_ult1,0.1338459739859251
1450159,2016-04-28,ind_ctma_fin_ult1,0.2756738346591245
1450159,2016-04-28,ind_reca_fin_ult1,0.13494771018393695
1450159,2016-04-28,ind_cno_fin_ult1,0.13403749736330625
1451377,2016-04-28,ind_cco_fin_ult1,0.5767765007596767
1451377,2016-04-28,ind_ctma_fin_ult1,0.3655104012536948
1451377,2016-04-28,ind_cno_fin_ult1,0.2949800326475451
1456198,2016-04-28,ind_ctma_fin_ult1,0.3063954680764981
1456198,2016-04-28,ind_reca_fin_ult1,0.13634528428205725
1456198,2016-04-28,ind_cno_fin_ult1,0.13388180473824104
1456950,2016-04-28,ind_ctma_fin_ult1,0.1862793198537143
1456950,2016-04-28,ind_cno_fin_ult1,0.11790258371861416
1456950,2016-04-28,ind_recibo_ult1,0.10388531968014023
1459011,2016-04-28,ind_ctma_fin_ult1,0.2913497188783245
1459011,2016-04-28,ind_reca_fin_ult1,0.13604600098898725
1459011,2016-04-28,ind_cno_fin_ult1,0.1338400990785846
1459069,2016-04-28,ind_cco_fin_ult1,0.3077275414234486
1459069,2016-04-28,ind_ecue_fin_ult1,0.2624157007710169
1459069,2016-04-28,ind_ctma_fin_ult1,0.25053910703142857
1473570,2016-04-28,ind_ctma_fin_ult1,0.20244138940888637
1473570,2016-04-28,ind_cno_fin_ult1,0.11894012171124997
1473570,2016-04-28,ind_recibo_ult1,0.10337644637169624
1482267,2016-04-28,ind_ctma_fin_ult1,0.9417107957110774
1482267,2016-04-28,ind_reca_fin_ult1,0.8731846001476709
1482267,2016-04-28,ind_cno_fin_ult1,0.8399420890006785
1485278,2016-04-28,ind_ctma_fin_ult1,0.19109397550380822
1485278,2016-04-28,ind_cno_fin_ult1,0.1189024315718305
1485278,2016-04-28,ind_recibo_ult1,0.10413899593578253
1486665,2016-04-28,ind_cco_fin_ult1,0.519688355196361
1486665,2016-04-28,ind_cno_fin_ult1,0.26952774546967123
1486665,2016-04-28,ind_ctma_fin_ult1,0.19434935054623656
1488037,2016-04-28,ind_cco_fin_ult1,0.5838743227772275
1488037,2016-04-28,ind_ctma_fin_ult1,0.3022806994277191
1488037,2016-04-28,ind_cno_fin_ult1,0.299013506965844
1488250,2016-04-28,ind_cco_fin_ult1,0.5577898273452546
1488250,2016-04-28,ind_cno_fin_ult1,0.2703600373698028
1488250,2016-04-28,ind_ctma_fin_ult1,0.23832997272518652
1498026,2016-04-28,ind_cco_fin_ult1,0.522407516897966
1498026,2016-04-28,ind_cno_fin_ult1,0.27134664821351984
1498026,2016-04-28,ind_ctju_fin_ult1,0.24673052108691151
1498201,2016-04-28,ind_cco_fin_ult1,0.522407516897966
1498201,2016-04-28,ind_cno_fin_ult1,0.27134664821351984
1498201,2016-04-28,ind_ctju_fin_ult1,0.24673052108691151
1500396,2016-04-28,ind_reca_fin_ult1,0.8636503927895863
1500396,2016-04-28,ind_cno_fin_ult1,0.8395853012454562
1500396,2016-04-28,ind_nomina_ult1,0.7362937868234818
1506902,2016-04-28,ind_nom_pens_ult1,0.9618134095813884
1506902,2016-04-28,ind_nomina_ult1,0.9479430726020248
1506902,2016-04-28,ind_ctma_fin_ult1,0.9255604294677948
1509621,2016-04-28,ind_ctma_fin_ult1,0.6499577492332824
1509621,2016-04-28,ind_ecue_fin_ult1,0.328527360542688
1509621,2016-04-28,ind_cco_fin_ult1,0.28990183277212367
1511956,2016-04-28,ind_dela_fin_ult1,0.9470937334676842
1511956,2016-04-28,ind_fond_fin_ult1,0.9153205655950009
1511956,2016-04-28,ind_ctma_fin_ult1,0.8717597694627937
1515801,2016-04-28,ind_recibo_ult1,0.6786800822882002
1515801,2016-04-28,ind_cno_fin_ult1,0.592247679279901
1515801,2016-04-28,ind_nomina_ult1,0.5457369285118144
1523643,2016-04-28,ind_reca_fin_ult1,0.8649565957996479
1523643,2016-04-28,ind_cno_fin_ult1,0.8422443027864368
1523643,2016-04-28,ind_nomina_ult1,0.7324591029363768
1529899,2016-04-28,ind_ctma_fin_ult1,0.8929198550990178
1529899,2016-04-28,ind_reca_fin_ult1,0.8714627533076228
1529899,2016-04-28,ind_cno_fin_ult1,0.8447912853398722
1536957,2016-04-28,ind_reca_fin_ult1,0.7746314737115916
1536957,2016-04-28,ind_recibo_ult1,0.7726945550720419
1536957,2016-04-28,ind_dela_fin_ult1,0.7683048205521392
1542958,2016-04-28,ind_ctma_fin_ult1,0.9475534762171849
1542958,2016-04-28,ind_cno_fin_ult1,0.7027617500293805
1542958,2016-04-28,ind_recibo_ult1,0.649534519929918
1544841,2016-04-28,ind_ctma_fin_ult1,0.8269801346964294
1544841,2016-04-28,ind_cno_fin_ult1,0.1828422690988856
1544841,2016-04-28,ind_nom_pens_ult1,0.09860828195758566
1544931,2016-04-28,ind_cco_fin_ult1,0.7675474038023254
1544931,2016-04-28,ind_ctma_fin_ult1,0.5165449863451641
1544931,2016-04-28,ind_cno_fin_ult1,0.3450071105037238
